title,year,hint_1,hint_2,hint_3,hint_4
42,2013,"A  biopic about a man whose number is now retired across every team in his sport, which is the closest thing American professional athletics has to canonization.","A Brooklyn second baseman walks onto a field in 1947 and the entire moral weight of a country lands on his shoulders, while the opposing dugout yells things you can't print.","You've seen this. A number on a back. A general manager played by a man who once flew the Millennium Falcon. A game that pretended it was about baseball.","The number is the title. The number is also Jackie Robinson's jersey. You're welcome."
61*,2001,"A 2001 cable movie directed by a man more famous for hosting a late-night talk show, which is a sentence that requires its own footnote — hence the asterisk.","Two Yankees chase a ghost in pinstripes through a single summer, and the press decides one of them is allowed to win and the other isn't.","Either you haven't seen this, or you have and that's somehow worse. The title is a number followed by a punctuation mark. The punctuation mark is the entire point of the movie.","Maris hits the home run. The asterisk hits Maris. Billy Crystal directed this, and yes that's also a sentence."
80 for Brady,2023,"A comedy that exists because someone looked at four legendary actresses with a combined 300 years of screen credits and thought, ""What they really need is a quarterback subplot.""","A road trip movie where the destination is Houston, the year is 2017, and the emotional climax depends on you remembering the Falcons blowing a 28-3 lead.","At this point I have to ask — does the phrase ""Super Bowl LI"" mean anything to you, because the title is a number, a preposition, and the last name of the quarterback who won it.","Four octogenarian best friends, one football pilgrimage, and a tagline that's basically the plot. The number is 80. The man is Tom."
Above the Rim,1994,"A 1990's streetball drama whose soundtrack outsold the film by a margin that should embarrass the film, except the film is also pretty good.","A high school phenom gets pulled between a drug dealer with a tournament team and a broken-down ex-player working security, which is less a plot than a series of warnings.","The fact that you're still guessing tells me something about you. A New York playground, Tupac in a leather jacket looking menacing, and a soundtrack that included ""Regulate."" Catch up.","The title is a basketball phrase. Two words. The first word means ""over."" The second word is what the ball goes through."
Air,2023,"A 2023 prestige drama about a shoe deal, which sounds like the most boring pitch in history until you remember the shoe in question rewrote capitalism.","The basketball player at the center of the story barely appears on screen, which is a bold creative choice given that he is arguably the most famous human being of the twentieth century.","I want you to think carefully about what you actually know. A scrappy Oregon sportswear company in 1984 bets its entire basketball division on one rookie, and the meeting that closes the deal involves a mother who is smarter than every executive in the room.","Ben Affleck directs Matt Damon eating fast food and talking on landlines for two hours. The title is what comes before ""Jordan."""
Airborne,1993,"A movie that tried to convince American teenagers that rollerblading was a personality, and briefly succeeded.","A California surfer gets shipped to Cincinnati and solves his social problems via an extended downhill skating sequence that has to be seen to be disbelieved.","Let me be direct with you. Seth Green is in this, with hair. The climax is a race on wheels through the streets of Ohio. The title is a word that means ""in the air.""","One word. It means flying. It's also what these kids do on rollerblades for ninety minutes."
Ali,2001,"A 2001 biopic of a man whose actual life was so cinematic that any film about him is automatically working at a disadvantage.","A heavyweight champion refuses the draft, loses his title in a courtroom instead of a ring, and comes back years later to fight in Zaire at four in the morning local time.","You know this one. The Fresh Prince put on forty pounds of muscle, got nominated for an Oscar, and the title of the film is three letters long.","He floated. He stung. He was the Greatest. Three letters. Last name only."
All the Right Moves,1983,"A drama set in a dying Pennsylvania steel town, where the only way out is a football scholarship or a casket — and the movie treats both with equal seriousness.","A young heartthrob, three years before he flew jets and yelled about volleyball, played a high school cornerback whose entire future depends on not pissing off his coach. He pisses off his coach.","Here's what I know about you right now — you're picturing a teenager in shoulder pads, a girlfriend named Lisa, a furious coach played by the dad from Coach, and a title that is basically the plot summarized as a sports cliché.","Recruiters, rust belt, and Tom Cruise before he was Tom Cruise. The title is four words about making the correct decisions."
American Anthem,1986,"A 1986 film that cast an actual Olympic gymnast as the lead, on the theory that acting is something you can pick up between routines.","A retired gymnast finds his way back to the rings via a montage, a love interest, and a soundtrack that aggressively wants to be on MTV.","This is the part where I stop being polite about it. The lead actor won a gold medal in Los Angeles in 1984 and never made another movie that mattered. The title has two words. The first is a country.","Mitch Gaylord. Pommel horse. A power ballad. The title is patriotic and musical."
American Underdog,2021,"A 2021 faith-based biopic about a quarterback whose actual career arc is so unlikely that the film had to tone it down to seem plausible.","A grocery store stockboy becomes a Super Bowl MVP via Arena Football, an undrafted free agent contract, and the single luckiest injury in St. Louis Rams history.","I'm going to need you to search your memory more aggressively. Kurt Warner. The Greatest Show on Turf. A title that is two words, the first of which is a nationality and the second of which is a long shot.","Shazam plays Kurt Warner. The title describes Kurt Warner. We're basically done."
Angels in the Outfield,1994,"A family film built on the premise that divine intervention is real, baseball is sacred, and the California pitching staff needs all the help it can get.","A foster kid prays for a last-place team to win the pennant, and the heavens respond by sending celestial beings to physically lift outfielders into the air. The league office does not appear to investigate.","Consider what you're admitting by not having gotten this yet. A team. A diamond. Winged interventions in the deep grass.","Christopher Lloyd shows up with wings, Tony Danza pitches his heart out, and the whole stadium ends up flapping their arms. Ya gotta believe."
Any Given Sunday,1999,"A late-90s film from a director who never met a camera angle he didn't want to cut to forty-three times in twelve seconds.","A locker room speech about inches that has been quoted at every corporate retreat for twenty-five years, delivered by a man whose voice could strip paint.","Take a breath. Think about what decade you're in. Football, a coach screaming about the inches in front of his face, and a quarterback played by the guy from Jerry Maguire's rival agency days.","Oliver Stone. Pacino. ""On this team we fight for that inch."" You can name a day of the week, can't you?"
Balls of Fury,2007,"A mid-2000s comedy that asked the burning question no one had asked: what if Enter the Dragon, but ping pong.","The villain is played by an actor who reads every line like he's just been woken up from a strange dream, and somehow this is the correct choice.","Between you and me, this is embarrassing. The sport is table tennis. The tone is parody. The lead is a chubby former child prodigy seeking revenge.","Christopher Walken in silk robes hosting an underground paddle tournament. The title is an anatomical pun. Swing away."
Bang the Drum Slowly,1973,"An early seventies baseball movie that's barely about baseball, made back when a young actor with a twitchy face could carry a film by mumbling through a Southern accent and breaking your heart anyway.","The star pitcher spends the season covering for his dim, dying catcher, which is the kind of friendship that only exists in movies and possibly in dugouts in 1973.","Whatever you're doing isn't working — think locker rooms, tobacco juice, a card game called TEGWAR, and a terminal diagnosis nobody on the team is supposed to know about.","The title is a lyric from an old folk song about a dying cowboy. The first word is what you do to a drum. The last word is the opposite of fast."
Battle of the Sexes,2017,"A 2017 film about a tennis match that was less about tennis and more about a country deciding which century it wanted to live in.","A washed-up hustler in oversized glasses challenges the best female player in the world to a televised exhibition, and somehow this was considered serious cultural discourse.","I want to give you the benefit of the doubt here, but — it's 1973, the Houston Astrodome, a tennis court, and a man who showed up in a rickshaw pulled by women.","She won. He lost. The title is exactly what the matchup was billed as on every television in America."
Bend It Like Beckham,2002,"An early-2000s British film built around a soccer star so famous you didn't need to explain the title to anyone on Earth.","A teenager from a strict Punjabi family in West London sneaks off to play football and develops a crush on her coach, while her sister plans a wedding loud enough to be heard from space.","We've been at this long enough. The verb is in the title. The athlete is in the title. He used to play for Manchester United and married a Spice Girl.","Aloo gobi. A free kick that curves around a wall. The title is a direct instruction involving a famous No. 7."
Best of the Best,1989,"A late-80s martial arts film that took itself approximately nine times more seriously than the genre required.","A team of American Tae Kwon Do fighters trains under a coach who delivers every line like he's narrating the Civil War, because he kind of was.","You're making this harder than it is. The title is a superlative repeated twice. The plot is a tournament. The coach is voiced like God.","Korea vs. USA. A headband. The title literally just says the team is the greatest, twice."
Blades of Glory,2007,"A mid-2000s comedy that correctly identified figure skating as the most inherently absurd sport available for parody.","Two disgraced male skaters exploit a rulebook loophole to compete as a pairs team, and the lifts are exactly as uncomfortable as you're imagining.","Look, I'm not judging you. I am, but I'm not showing it. Sequins, a peacock routine, and a sex addict on ice skates.","The title rhymes ice with something patriotic. The tagline says ""Kick Some Ice."" Glide to the answer."
Bloodsport,1988,"A late-80s action film ""based on a true story"" the way professional wrestling is based on athletics.","A Belgian man with the splits of a gymnast travels to Hong Kong to enter an illegal tournament and punch his way through every ethnic stereotype available in 1988.","This one has been on television roughly four hundred times. The tournament is called the Kumite. The hero does the splits on two chairs. You have seen this.","Van Damme. A dying master. A giant sweaty man named Ray Jackson. The title is two nouns smashed together and it's exactly what you think."
Blue Chips,1994,"A mid-90s drama about college basketball corruption, made back when pretending college basketball wasn't corrupt was still a national pastime.","A coach sells his soul to boosters to land recruits, one of whom is played by a 7-foot-1 rookie who had just been drafted first overall in real life.","The audience at home figured this out. A college coach, envelopes of cash, a tractor as a signing bonus, and Shaq dunking on people who did not consent.","The title is what they call elite recruits. Two words. First word is a color. Second word is a gambling token."
Blue Crush,2002,"An early-2000s film that tried to do for women's surfing what Top Gun did for naval aviation, and largely succeeded at selling boardshorts.","The protagonist is training for the most dangerous wave in the world while also dating an NFL quarterback, which is a workload.","You've seen this. North Shore, Hawaii, sunrise paddle-outs, a tough-girl roommate played by the woman who would later steal every Fast & Furious movie she was in.","The Banzai Pipeline, a wipeout that gives her PTSD, and a title that's two words — one is a color, one is what the wave does."
BMX Bandits,1983,"A 1983 Australian kids' adventure that is now mostly remembered because a teenager in it would go on to win an Oscar and marry Tom Cruise.","The plot involves walkie-talkies, a bank heist, and approximately nine hundred shots of children doing jumps off plywood ramps in suburban Sydney.","Either you haven't seen this, or you have and that's somehow worse. A redheaded teenager in a jumpsuit out-pedaling grown criminals through a water park.","The bikes are in the title. The kids on the bikes are also in the title. A young Nicole Kidman is somewhere in the middle of all of it."
Borg vs McEnroe,2017,"A 2017 sports drama about the 1980 Wimbledon final, a match so tense that it apparently required a Swedish, a Danish, and an American co-production to recreate it.","One player is an ice-cold Scandinavian who taped his racket strings himself; the other is a New Yorker who treated line judges like a personal grievance.","At this point I have to ask — do you remember a tennis player famous for screaming ""you cannot be serious"" at officials? The movie is named after him and the other guy.","Headbands, short shorts, and Shia LaBeouf throwing a racket. The title is the matchup, with a ""vs"" in the middle."
Bring It On,2000,"By 2007, this cheerleading franchise was on its fourth installment and had fully committed to the bit, with each sequel finding a new excuse to put rival squads in the same zip code.","The setting is a national cheer camp, the romance is a West Side Story riff between a East Coast girl and a West Coast boy, and the stakes are, as always, a trophy.","The fact that you're still guessing tells me something about you, specifically that ABC Family was not part of your Saturday afternoon rotation. Rival squads, a forbidden romance, and a final showdown choreographed within an inch of its life.","Take the cheerleading franchise title, add a colon, and then add the phrase a coach screams when the team needs to actually try."
Bring It On Again,2004,"A 2004 direct-to-video sequel that exists because the first one made too much money to leave alone, and not for any other reason.","The premise: rejected college cheerleaders form a rival squad on the same campus, which is somehow stretched to ninety minutes.","I want you to think carefully about what you actually know. None of the original cast came back. The title just added one word to signal that fact.","It's the previous answer plus a word meaning ""one more time."""
Bring It On: In It to Win It,2007,"A 2007 entry in a cheerleading franchise that by this point was operating on pure momentum and ESPN2 broadcast rights.","This one is West Side Story with herkies — rival squads, forbidden romance, choreographed snapping, the works.","Let me be direct with you. It's the fourth movie in a series about cheerleading competitions, and the subtitle is a rhyming phrase about commitment to winning.","Same franchise name as the last two. Add a colon, then a phrase that rhymes with itself."
Bull Durham,1988,"A late-80s romance dressed up as a baseball movie, written by a man who had actually played in the minor leagues and had the bitterness to prove it.","A veteran catcher is sent down to babysit a hotshot pitcher with a million-dollar arm and a five-cent head, while a literature professor in the stands picks one of them per season.","You know this one. Minor league baseball in North Carolina, a speech about long, slow, deep, soft, wet kisses, and a pitcher wearing a garter belt to break a slump.","The town is in the title. The team mascot is in the title. Costner, Sarandon, Robbins — one of those names just gave it away."
Celtic Pride,1996,"A mid-nineties sports comedy written by the guy who would later create a yellow cartoon family, which explains absolutely nothing about why this movie exists.","Two Boston basketball superfans kidnap the opposing team's star player on the eve of the championship, a plan with all the strategic depth of a bar napkin.","Here's what I know about you right now — you have not thought about the Boston Celtics' 1996 season in approximately three decades, and that's the era this is operating in.","A green jersey, a hotel room, a duct-taped athlete, and a title that pairs an Irish adjective with a deadly sin."
Challengers,2024,"A 2024 sports drama from an Italian filmmaker who shoots tennis like it's foreplay and foreplay like it's tennis.","A love triangle resolved on a clay court, scored to throbbing techno, with a churro scene that did more cultural damage than the actual matches.","This is the part where I stop being polite about it — three players, two men and one woman, one very sweaty hotel room, and a final point shot from inside a tennis ball.","Art. Patrick. Tashi. A title that's just what you call the lower-tier tournament where the whole thing comes to a head."
Cinderella Man,2005,"A 2005 Depression-era boxing biopic from the director who, two years earlier, made everyone cry about a horse.","A washed-up fighter takes a one-off bout to feed his family, wins it, and accidentally becomes the most beloved underdog in Madison Square Garden history.","I'm going to need you to search your memory more aggressively — 1930s New Jersey, a heavyweight title fight against a man widely feared to be a killer in the ring, and a nickname borrowed from a fairy tale.","Jim Braddock. The title is the storybook nickname the press gave him. Two words. You've got this."
Coach Carter,2005,"A 2005 sports drama based on a true story where the inspirational figure's big move was locking the gym doors because his undefeated players were failing algebra.","A Richmond, California high school basketball team learns that winning games matters less than winning at trigonometry, which is a lesson nobody on that team asked for.","Consider what you're admitting by not having gotten this yet — the whole movie hinges on a man with a clipboard standing up to an entire town because teenagers wouldn't do their homework.","Samuel L. Jackson in a polo shirt, a padlocked gymnasium, and a last name that rhymes with ""barter."""
Cobb,1994,"A 1994 biopic about a man whose Hall of Fame plaque should arguably come with a warning label.","A dying baseball legend hires a sportswriter to launder his legacy, and the sportswriter slowly realizes he's been hired by a monster with a great batting average.","Take a breath. Think about what decade you're in. The subject is one of the most famous and most hated names in baseball history, and the title is just his last name.","Tommy Lee Jones, drunk, in a fur coat, screaming at a piano. Ty ______."
Concussion,2015,"A 2015 drama in which a major movie star tries on a Nigerian accent and a powerful American institution tries on a lawsuit.","A forensic pathologist cuts open a dead football player's brain, finds something terrible, and the NFL responds with all the grace of a corner blitz.","Between you and me, this is embarrassing. The title is what happens when your head hits something hard. Like, say, this hint.","Will Smith, a microscope, and Roger Goodell's worst week. One word. Sound it out."
Cool Runnings,1993,"A Disney film loosely based on a true story, where ""loosely"" is doing the work of an entire bobsled team.","Four men from an island where it does not snow decide their best career move is to strap into a metal coffin and rocket down a frozen chute in Calgary.","Whatever you're doing isn't working. The title is also a Jamaican greeting that the movie taught a generation of suburban kids to misuse.","""Feel the rhythm, feel the rhyme, get on up, it's bobsled time."" You're welcome."
Creed,2015,"A 2015 reboot that pulled off the rare trick of honoring a franchise from the seventies without embarrassing it, which is more than most legacy sequels manage.","The young fighter at the center is the illegitimate son of a champion who died before he was born, which is a hell of a lot to carry into a gym.","I want to give you the benefit of the doubt here, but — an aging Philadelphia boxer in a porkpie hat is training the next generation, and you should be able to take it from there.","Rocky. Adonis. Philadelphia. The kid is fighting under his father's name — which happens to be the title."
Creed II,2018,"A sequel that decided the best way forward was to dig up a Soviet-era grudge from 1985.","The son of the man Ivan Drago killed in the ring fights the son of Ivan Drago, which is either great storytelling or a family therapist's nightmare.","We've been at this long enough. Same fighter, same trainer, same franchise as the last hint, plus a Roman numeral.","Rocky's back. Drago's back. Drago's son is enormous. Add a II."
Creed III,2023,"A 2023 entry where the old trainer finally hangs it up and the star steps behind the camera himself.","A childhood friend gets out of prison and wants his shot, and the protagonist discovers that guilt is a heavier opponent than any heavyweight.","You're making this harder than it is. Third film. Same boxer. Add a number.","No Rocky this time. Jonathan Majors in the other corner. You can do the math on the title."
D2: The Mighty Ducks,1994,"A sequel where a youth hockey team is somehow promoted to representing the United States in international competition, which says a lot about the state of USA Hockey in the early 90s.","The coach gets a sponsorship deal, buys a leather jacket, forgets who he is, and has to be reminded by a group of twelve-year-olds that he was better when he was poor.","Look, I'm not judging you. I am, but I'm not showing it. The team's name rhymes with ""trucks."" This is the second one. There's a 2 in the title.","The flying V. Goldberg in goal. Iceland are the villains. Quack quack quack."
D3: The Mighty Ducks,1996,"A 1996 threequel that sends the same youth hockey team to an elite prep school, because apparently the franchise had run out of international tournaments.","The kids get scholarships, get hazed by the varsity team, and learn the valuable lesson that rich people are bad — a message brought to you by The Walt Disney Company.","This one has been on television roughly four hundred times. Hockey. Kids. Third film. The team rhymes with ""trucks.""","Same team. Same quack. Add a 3."
Days of Thunder,1990,"A film where a producer-director duo looked at their fighter pilot blockbuster and asked, ""What if the planes were cars and the sky was Daytona?""","A cocky young driver, a grizzled crew chief, a beautiful neurosurgeon, and approximately forty minutes of cars hitting walls in slow motion set to a power ballad.","The audience at home figured this out — a hotshot in a jumpsuit, a rival he keeps crashing into, and a doctor he falls in love with in a hospital room. This is the same movie three times.","Cole Trickle. That's the protagonist's name. Cole. Trickle. The title is two words: the first is a unit of time, the second is the sound the cars make."
DodgeBall: A True Underdog Story,2004,"A comedy built on the premise that the dumbest possible sport, played by the dumbest possible people, could carry ninety minutes. It was right.","A gym full of misfits trains for a tournament under the guidance of a wheelchair-bound coach whose primary teaching method involves throwing wrenches at their faces.","You've seen this. Pirates. A cobra. A man who has surgically modified himself into a walking shopping mall and refers to himself in the third person.","""If you can dodge a wrench, you can dodge a ball."" Average Joe's versus Globo Gym. Now hit me."
Draft Day,2014,"A 2014 film that asked the question nobody was asking: what if we made a sports movie where nobody plays the sport?","The entire drama unfolds over phone calls between men in offices, which is either a bold formal experiment or just Tuesday at any corporate job.","Either you haven't seen this, or you have and that's somehow worse. A Cleveland Browns general manager spends a day on the phone trying not to ruin his career before sundown.","It's about the NFL ___. That's the second word. You have it."
Driven,2001,"A 2001 racing movie that arrived after the star had stopped being a draw and before the genre had figured out it needed Vin Diesel.","The veteran driver is brought in to mentor the rookie, which in this film mostly involves a CGI car chase through downtown Chicago at street level, because subtlety was not on the call sheet.","At this point I have to ask — are you guessing, or are you just typing words? An aging Sly, open-wheel racing, and a screenplay he wrote himself.","The title is a single word. It's what the cars are. It's what the protagonist is. It's what you are not, right now."
Eddie,1996,"A mid-90s comedy that asked the question nobody asked: what if the head coach of a struggling NBA franchise was a limo driver from Queens who screamed at the TV for a living?","The premise hinges on a billionaire owner thinking a publicity stunt would fix a basketball team, which is roughly the actual business model of half the league.","The fact that you're still guessing tells me something about you. The lead is an Oscar winner who also hosted the Oscars, and she's wearing a tracksuit on an NBA sideline.","Whoopi Goldberg, courtside at Madison Square Garden, the title is just her character's name."
Eddie the Eagle,2016,"A 2016 crowd-pleaser about the kind of athlete the British excel at producing: cheerfully terrible, deeply earnest, and beloved for both.","The coach is a fictional composite, a chain-smoking American ex-jumper who exists mostly so Hugh Jackman can squint at snow and look conflicted.","I want you to think carefully about what you actually know. Ski jumping. Calgary. 1988. A man in goggles who finished last and won everything that mattered.","His nickname was a bird. The title is his name plus that bird. I cannot help you more than this."
Eight Men Out,1988,"A late-80s baseball drama about the moment America discovered its national pastime could be bought for less than you'd think.","The 1919 White Sox, a cheapskate owner, a few gamblers in hotel rooms, and a quiet handshake that ended careers and broke a kid's heart on a courthouse step.","Let me be direct with you. ""Say it ain't so, Joe."" Shoeless Joe Jackson. The Black Sox Scandal. Any of this landing?","Count the players who got banned for life from baseball. That number, followed by the gender of those players, followed by the direction they were shown — that's your title."
Escape to Victory,1981,"A 1981 war film where the climactic act of heroism is a soccer match, because nothing rattles the Third Reich like a well-placed bicycle kick.","A group of Allied POWs are offered the chance to play the German national team, and somehow the plan to flee at halftime becomes secondary to winning the game.","You know this one. A prison camp, a soccer pitch in occupied Paris, and a goalkeeper who looks suspiciously like an Italian Stallion who has never played the sport in his life.","Pelé delivers the overhead kick, Michael Caine captains the squad, and the title is two words — the second one is what they're playing for."
Everybody's All-American,1988,"A late-eighties Southern epic about what happens after the stadium empties, the cheering stops, and the homecoming king has to figure out who he is at forty.","A college football hero marries the homecoming queen, fails at the pros, and spends the next two decades discovering that peaking at twenty-one is a slow-motion tragedy.","Here's what I know about you right now — you're not going to get this. The title is a phrase you'd use to describe the kind of guy this movie is about. Three words. A possessive and a hyphen.","Dennis Quaid in shoulder pads, aging badly on purpose. The title is what everyone called him before everything went wrong."
Fever Pitch,2005,"A romantic comedy that retrofitted a Nick Hornby novel about English football into a story about the Boston Red Sox, which only worked because the Red Sox did the unthinkable mid-production.","The script had to be rewritten in real time when the team actually won the World Series, which is the most disruptive thing a sports franchise has ever done to a romcom.","This is the part where I stop being polite about it. A schoolteacher's relationship is held hostage by his season tickets at Fenway Park.","Two words. The first is what you get from being sick. The second is what a baseball player throws. Drew Barrymore is somewhere in the bleachers."
For Love of the Game,1999,"A late-nineties baseball romance from a filmmaker better known for ushers screaming at the dead, which is a tonal swing of impressive magnitude.","A forty-year-old pitcher throws what may be a perfect ninth inning while flashing back through every romantic decision he's ever botched, which is one way to handle a no-hitter.","I'm going to need you to search your memory more aggressively. Tigers uniform, Yankee Stadium, a mantra of ""clear the mechanism,"" and a woman at the airport gate.","Kevin Costner on the mound, again, because by 1999 this was the third time. The title starts with ""For Love of the…"""
Foxcatcher,2014,"A 2014 film where a beloved comedy actor disappeared behind a prosthetic nose and a thousand-yard stare, and the Academy pretended to be surprised.","A wrestling drama where the actual wrestling is the least uncomfortable thing happening on the estate. The horse barn is doing a lot of metaphorical work.","Consider what you're admitting by not having gotten this yet. A reclusive heir, a Pennsylvania estate, and a true-crime ending that the marketing department clearly struggled with.","Du Pont money, an Olympic wrestler, and a name that sounds like a hunting club because it is one."
Friday Night Lights,2004,"A film about a Texas town where the high school football coach is held to a higher standard than any elected official, and rightly so.","Based on a nonfiction book that the citizens of Odessa, Texas were reportedly thrilled about, in the way you're thrilled when someone reads your diary aloud.","Take a breath. Think about what decade you're in. The 80s. Permian High. A tailback named Boobie whose knee ends his life as he knew it.,It later became a television show where everyone said clear eyes","full hearts until you wanted to scream it back at them."
Gleaming the Cube,1989,"A late-80s artifact in which a major teen heartthrob attempts to convince the world that skateboarding is, in fact, detective work.","The plot involves a Vietnamese arms-smuggling conspiracy uncovered by a kid doing kickflips in empty swimming pools, which is exactly the kind of pitch that only worked once.","Between you and me, this is embarrassing. The title is a phrase nobody on a skateboard has ever said, before or since.","Tony Hawk has a cameo as a pizza delivery guy. The verb in the title means nothing. The noun in the title means nothing. Together, somehow, even less."
Glory Road,2006,"A 2006 sports drama produced by the man who made Top Gun, which means somewhere in here there's a slow-motion shot set to an inspirational needle drop.","A college basketball coach in 1966 looks at the segregated talent pool around him and decides the smarter play is to recruit the players everyone else refused to.","Whatever you're doing isn't working — a Texas school, a national championship game against Kentucky, and a starting five that rewrote the sport in one night.","The road to victory was paved with something. That something is the first word. The second word is what you drive on."
Goal!,2005,"A mid-2000s soccer film made with the full cooperation of FIFA, which tells you everything about its edge.","A kid from East L.A. ends up trying out for Newcastle United, a club whose actual fans would tell you is a punishment, not a dream.","I want to give you the benefit of the doubt here, but — the title is the single word a commentator screams for thirty seconds straight.","It has an exclamation point in the title. Premier League. The thing you score. Come on."
Goon,2012,"A hockey comedy with more dental trauma per minute than any film since the invention of the slapshot.","A bouncer who can't skate is recruited to punch people on ice, which in minor league hockey counts as a promotion.","We've been at this long enough. The title is what they call the guy on the team whose job is exclusively fists.","Doug ""The Thug"" Glatt. Liev Schreiber as the aging enforcer. The title is one syllable and it rhymes with moon."
Gran Turismo,2023,"A 2023 film that exists primarily as a two-hour advertisement for a video game, a car company, and an energy drink, and is somehow still watchable.","The premise is that PlayStation skill translates directly to not dying at 200 miles per hour, a theory the insurance industry has thoughts about.","You're making this harder than it is. The title is the name of the racing simulator the kid plays in his bedroom before being handed an actual Nissan.","Two words. Italian-sounding. The franchise has sold roughly 90 million copies and now the title is also a movie. Floor it."
Gridiron Gang,2006,"A 2006 film in which a former wrestler with a very specific eyebrow tries to convince juvenile offenders that football is the answer to systemic failure.","Based on a documentary that was, by all accounts, more affecting than the dramatization built around a star who can bench-press a linebacker.","Look, I'm not judging you. I am, but I'm not showing it. The title is two words, both of which describe the movie literally.","A juvenile detention center, shoulder pads, and The Rock giving the kind of speech only The Rock can give. The field has a name. The group has a name. Smash them together."
Grind,2003,"An early-2000s teen comedy that mistook a Warped Tour lineup for a screenplay.","Four skater kids follow a pro across the country in a van, which is either a coming-of-age story or a missing persons report, depending on your parents.","This one has been on television roughly four hundred times. The title is one word, and it's what you do on a rail.","Five letters. A skateboarding verb. Also what your job feels like. You've got it."
Gymkata,1985,"An 80's film built on the airtight premise that pommel horses appear naturally in remote villages, ready for use in combat.","A real Olympic gymnast was cast as a secret agent because the producers needed someone who could do a flare on a stranger's face.","The audience at home figured this out. The title is a portmanteau of two sports, one of which is gymnastics and the other of which is in the tagline.","Gymnastics plus karate equals the title. I've now said the title without saying the title. Type it in."
Happy Gilmore,1996,"A 1996 comedy that decided the funniest thing about golf is how much it deserves to be punched in the face.","The protagonist's swing technique involves a running start and the kind of rage usually reserved for parallel parking. His coach has one hand and infinite patience.","You've seen this. A hockey player on a golf course, a rivalry with a man who points finger guns, and a grandmother in a retirement home that is essentially a prison.","""The price is wrong, Bob."" Bob Barker takes a beating, Shooter McGavin eats pieces of something for breakfast, and the title is two words — one feeling, one last name."
Happy Gilmore 2,2025,"A sequel arriving twenty-nine years after the original, because Netflix asked nicely and the original star said sure, why not, the kids are in it now.","The premise involves ballet lessons, which is a sentence that should not exist in this universe but here we are.","Either you haven't seen this, or you have and that's somehow worse. The title is the title from twenty-nine years ago, with a number on the end.","It's the first one, plus a 2. That's the whole hint. That's the whole movie."
Hardball,2001,"A 2001 drama that asks the eternal question — can a degenerate gambler find redemption by yelling at nine-year-olds for an hour and a half?","The coach is in this for the money. The kids are in it because they live in one of the most notorious housing projects in Chicago. Somehow this becomes a movie about second chances.","At this point I have to ask — does the phrase ""Big Poppa"" playing during a Little League at-bat ring any bells?","A drunk gets paid to coach inner-city kids in baseball. The lead actor would later go on to dodge bullets in a trench coat."
He Got Game,1998,"A 1998 film from a director who reliably puts basketball into movies that are not technically about basketball, except this one actually is.","A father gets temporarily released from prison with one job: convince his estranged son, the number one high school recruit in the country, to sign with the governor's alma mater. The soundtrack is entirely Aaron Copland.","The fact that you're still guessing tells me something about you. The lead actor is an actual NBA Hall of Famer making his acting debut, and the other lead has two Oscars.","Jesus Shuttlesworth. The title is a phrase a sportscaster yells when someone crosses someone else over."
Herbie Fully Loaded,2005,"A 2005 attempt to revive a Disney franchise about a sentient Volkswagen, because apparently the original four films left audiences clamoring for more.","A racing-loving college grad inherits a junkyard Beetle that drives itself, falls in love, gets jealous, and somehow ends up competing in NASCAR. The car, not the grad.","I want you to think carefully about what you actually know. A peppy little Bug with the number 53 painted on the hood and a personality bigger than its driver.","This was Number 53's fifth outing, and the star's last family-friendly film before her tabloid years really kicked in."
Hoosiers,1986,"A sports drama that is legally required to be shown in the state of Indiana at least once per basketball season.","A small-town high school team, a coach with a temper and a past, and an assistant coach who is the town drunk and the father of one of the players. The score by Jerry Goldsmith does most of the emotional work.","Let me be direct with you. The title is the nickname for people from a specific Midwestern state, and you've heard it shouted at a college basketball game.","Gene Hackman measuring a hoop with a tape measure to prove it's the same height as the one back home. Dennis Hopper getting one chance. The state is Indiana. The word is the demonym."
Hot to Trot,1988,"A comedy that took the premise of Mister Ed and asked, ""What if the horse gave stock tips?"" Hollywood greenlit this. Out loud. On purpose.","A dim-witted heir inherits a talking horse with a knack for the market. The horse is voiced by a beloved Canadian comedian who deserved better material.","You know this one. A stuttering comedian, a wisecracking horse, and a plot that hinges on insider trading from a quadruped.","The title is a horse pun. The movie is a horse pun. Everything is a horse pun. Saddle up."
Hustle,2022,"A sports drama produced by and starring a comedian who decided he wanted to make a serious movie about basketball scouting, and Netflix said sure.","A weary NBA scout discovers a Spanish construction worker who can play, and stakes his entire career on dragging him to the league. Real NBA players show up as themselves, which is either charming or distracting depending on your tolerance.","Here's what I know about you right now — you're stalling. The lead is a guy famous for screaming in comedies who, in this one, just quietly loves the game.","One word title. It's what the scout does, what the prospect does, and what every Philly 76ers fan wishes the front office would do."
Ice Princess,2005,"A 2005 Disney film made during the brief window when a teenage girl on skates was considered an acceptable plot for an entire movie.","A physics nerd uses aerodynamics equations to optimize her triple lutz, which is the most Disney sentence ever written.","This is the part where I stop being polite about it. The title is two words. The second word is royalty. The first word is frozen water.","Michelle Trachtenberg, figure skating, a Zamboni-driving love interest. The answer is right there on the rink."
Invincible,2006,"A 2006 inspirational sports drama based on a true story, distributed by Disney, scored to make you cry in roughly the third act.","A thirty-year-old bartender from South Philly walks onto an NFL team via an open tryout, which is the kind of thing that does not happen anymore and arguably never should have.","I'm going to need you to search your memory more aggressively. Vince Papale, the Philadelphia Eagles, the 1970s, and a one-word title that means you cannot be defeated.","Mark Wahlberg in Eagles green. The title is also what Napoleon thought he was right up until he wasn't."
Johnny Be Good,1988,"A late-eighties teen comedy that tried to expose college football recruiting corruption and accidentally exposed how hard it is to make a movie about a quarterback when your lead is built like a mathlete.","A scrawny high school phenom gets wined, dined, and bribed by every college program in America, which in 1988 apparently meant hot tubs, hookers, and a Trans Am.","Consider what you're admitting by not having gotten this yet. The star of Weird Science plays a football god, and his best friend is played by the future Iron Man, before either of them figured out what they were doing.","The hero shares a surname with a whiskey, the leading lady is Uma Thurman in one of her first roles, and the title is the kid's name plus a Chuck Berry lyric."
Kickboxer,1989,"An entry in the Belgian-export-does-the-splits genre, back when an entire subculture of video stores survived on muscles, montages, and revenge.","An American fighter goes to Thailand, gets his brother paralyzed by a villain whose name sounds like a sneeze, and trains in a temple where the wisdom is dispensed between coconut-tree workouts.","Take a breath. Think about what decade you're in. Think about the splits. Think about a man dancing drunk in a bar with a hat.","The hero kicks. The hero boxes. Combine those two words and stop suffering."
Kicking & Screaming,2005,"A mid-2000s family comedy that exists primarily so a certain SNL alum could yell at ten-year-olds in a tracksuit.","A mild-mannered dad becomes a youth soccer coach and slowly transforms into a caffeine-addicted maniac, mostly because the Bears' head coach is also somehow on the bench.","Between you and me, this is embarrassing. The title is what a child does when their parent drags them somewhere they don't want to go.","Coffee. Italian butchers. Mike Ditka coaching ten-year-olds. The title is a two-word phrase that rhymes with itself almost."
Kingpin,1996,"A comedy from the brothers who made hair gel a punchline, applied to the deeply underexplored cinematic world of professional bowling.","A washed-up bowler with a rubber hand discovers an Amish prodigy, and the film treats this as a perfectly reasonable premise for two hours.","Whatever you're doing isn't working. The sport has pins. The villain has the worst comb-over in cinema history. The hero's hand is not a hand.","Roy. Ishmael. Big Ern. The title is what you call the boss of a criminal organization, or in this case, a man who rolls a heavy ball at wood."
Ladybugs,1992,"An early-90s vehicle for a bug-eyed, tie-yanking comedian who got no respect, applied this time to the under-12 girls' soccer circuit.","A businessman fakes coaching a girls' soccer team and solves it by putting his fiancée's son in a wig, which the film presents as a heartwarming third act.","I want to give you the benefit of the doubt here, but — the title is the team's name, and the team's name is also an insect with spots.","Rodney Dangerfield. Soccer. A small red beetle. You have everything you need."
Le Mans,1971,"A 1971 passion project from an actor who loved racing more than he loved acting, and made a film that proves it by barely bothering with dialogue.","The plot is twenty-four hours of cars going in a circle in France, interrupted occasionally by a man staring meaningfully at a woman across a paddock.","We've been at this long enough. The title is the name of the race. The race is the entire movie. The city is in France.","Porsche. Ferrari. Twenty-four hours. A two-word French place name and the King of Cool behind the wheel."
Leatherheads,2008,"A late-2000s screwball throwback about the scrappy birth of professional football, made by a movie star who clearly wished he'd been born in 1925.","An aging pro and a war-hero college star tangle over a fast-talking reporter, and the whole thing is shot like someone left a Howard Hawks movie in the rain.","You're making this harder than it is. The title is the nickname for what early football players wore on their heads, because helmets used to be, well, leather.","Clooney directs. Krasinski is the war hero. Zellweger does the 1920s thing with her mouth. The title is a piece of equipment."
Let It Ride,1989,"A late-eighties comedy that worships the racetrack the way other movies worship Wall Street, except the suits are sweatier and the philosophy is worse.","A chronic loser has the single greatest day of his life at the horse track, which is the dream every degenerate gambler clings to right before they mortgage the house.","Look, I'm not judging you. I am, but I'm not showing it. The lead is the guy from Jaws and Mr. Holland, grinning like a maniac in a windbreaker, muttering ""I'm having a very good day"" between races.","Three words. The middle word is the smallest word in English. The title is also what the bettor keeps telling himself as the longshots keep coming in."
Like Mike,2002,"An family fantasy built on the premise that the right pair of sneakers can turn a child into an NBA all-star, a theory Nike has been monetizing ever since.","An orphan finds a pair of old shoes with the initials MJ on them, gets struck by lightning, and is suddenly dunking on grown men, which the league apparently allows.","This one has been on television roughly four hundred times. The title is two words. The second word is the first name of the most famous basketball player who ever lived.","Bow Wow. Magic sneakers. A Gatorade jingle reverse-engineered into a feature film. The title is the chorus."
Little Big League,1994,"One of three baseball movies released in 1994, in a year when Hollywood apparently held a meeting and decided America needed more films about the national pastime, right before the actual sport went on strike.","A twelve-year-old inherits a major league franchise and immediately appoints himself manager, which is somehow a more coherent front office strategy than what the real Twins have done since.","The audience at home figured this out. A kid runs a Minnesota baseball team, the players have to take him seriously, and the climactic game involves Ken Griffey Jr. playing himself.","Three words. The first word means small, the last word is a sports organization, and the middle word is the opposite of the first. You can take it from here."
Little Giants,1994,"A mid-90s family comedy that exists because somebody at the studio noticed kids liked football movies and adults liked watching the dad from Honey, I Shrunk the Kids get flustered.","Two brothers, one a Heisman winner and one who runs a gas station, settle their lifelong sibling rivalry by coaching opposing peewee football teams. Healthy.","You've seen this. The misfits include a girl nicknamed Icebox, a kid who throws up under pressure, and a play called the Annexation of Puerto Rico.","John Madden shows up. The underdogs win. The title is two words and the second one is what the bullies aren't."
Lords of Dogtown,2005,"A 2005 dramatization of a documentary the same writer had already made, because apparently telling this story once wasn't enough.","Heath Ledger plays a perpetually sunburnt surf shop owner with a slur and a tan, and somehow it's the most committed performance in a movie full of teenagers on skateboards.","Either you haven't seen this, or you have and that's somehow worse — three Venice Beach kids in the 70s invent vertical skating in empty swimming pools during a drought.","The Z-Boys. Jay, Tony, Stacy. The title is a place and a status, and you should be able to assemble it from there."
Love & Basketball,2000,"A 2000 debut from a filmmaker who later made Beyond the Lights, structured in four quarters because of course it is.","The whole movie hinges on a one-on-one game played for someone's heart, which is the single most cinematic way to resolve a relationship and the single worst way to do it in real life.","At this point I have to ask — did you grow up in the 90s? Two kids next door, both ballers, one goes to USC, they spend a decade circling each other.","Sanaa Lathan and Omar Epps. Title is an ampersand sandwich. Go."
Lucas,1986,"A mid-80s teen film that took the genre seriously enough to let its protagonist be small, weird, and genuinely heartbroken — no makeover montage, no last-minute prom kiss bailout.","The hero is a fourteen-year-old entomologist who tries out for football to impress a girl, which is the kind of decision making that ends careers before they begin.","The fact that you're still guessing tells me something about you — specifically that you missed the brief window in the late 80s when this cast was the hottest collection of teen actors on the planet.","A locker room ovation, an oversized letterman jacket, and a title that is just the kid's first name."
Major League,1989,"A baseball comedy made during the long stretch when the Cleveland franchise was, in fact, terrible — so the satire mostly wrote itself.","A team is intentionally assembled to lose so the owner can move them to Miami, which is a plot the actual Marlins would later achieve without any fictional assistance.","I want you to think carefully about what you actually know. Wild Thing. Jobu. A voodoo doll in a locker. A catcher with bad knees and a girlfriend reading Moby Dick.","""Just a bit outside."" Charlie Sheen with glasses throwing 96. The title is the level of baseball being played."
Major League II,1994,"A 1994 sequel that brought almost everyone back except Wesley Snipes, who had become too famous, and was replaced by a guy doing a Wesley Snipes impression.","Wild Thing has gone soft, the catcher has gotten worse, and Jobu is no longer working — which is roughly the plot of every sports sequel ever made.","Let me be direct with you. This is the second one. Same team, same owner scheme, lower budget, identical jokes.","Add a Roman numeral to the previous answer. You're welcome."
"McFarland, USA",2015,"A Disney sports drama from 2015 about cross-country running, which is the sport movie studios reach for when every other sport has already been done twice.","A washed-out high school coach lands in a Central Valley farming town and discovers that kids who pick crops before sunrise can, it turns out, run.","You know this one. A white coach, a Latino team, an inspirational true story, and a star whose entire late career is built on squinting thoughtfully at fields.","The title is the name of the town. Add the country it's in. That's the whole answer."
Mean Machine,2001,"A British remake of an American prison football movie, except they swapped the football for football, if you follow.","A disgraced national team captain ends up behind bars and is roped into coaching the inmates against the guards in a match that is definitely not rigged.","Here's what I know about you right now — you're closer than you think. The lead actor is a former Premier League hard man turned cinematic menace, and the title is what they call him.","Two words. The first one describes the team's attitude. The second one is what they essentially are."
Million Dollar Arm,2014,"A 2014 Disney sports drama based on the true story of a sports agent who decided the answer to baseball's pitching shortage was, somehow, India.","A reality competition is staged across the subcontinent to find cricket players who can throw a fastball, because nothing says ""respect for culture"" like a marketing gimmick with prize money.","This is the part where I stop being polite about it — the lead is the Mad Men guy doing his charming-cad routine in a polo shirt instead of a suit.","The first word is a very large number. The second word is a unit of currency. The third word is what a pitcher throws with."
Miracle,2004,"A Disney sports drama about the Cold War, told through the medium of amateur hockey, which is a sentence that could only make sense to Americans.","A college coach assembles a group of unruly kids, runs them until they puke, and aims them at the Soviet Union. The result is one of the most replayed Al Michaels calls in broadcasting history.","I'm going to need you to search your memory more aggressively — Lake Placid, 1980, a scoreboard, and a question that became a national catchphrase.","""Do you believe in ________?"" Yes. That word. That's the title."
Mr. 3000,2004,"A 2004 comedy that asks the deeply American question: what happens when a man's entire identity is a number, and the number turns out to be off by three.","The protagonist is a retired ballplayer whose nickname is stitched into his branding, his restaurants, and presumably his bath towels — until the league quietly recounts.","Consider what you're admitting by not having gotten this yet. A famous comedian, a baseball uniform, a vanity statue, and a comeback at 47.","Bernie Mac, pinstripes, and a title that is also a stat line. You can do the math."
Mr. Baseball,1992,"A culture-clash comedy from a time when Hollywood believed the funniest thing on Earth was an American being mildly inconvenienced in Tokyo.","A washed-up Yankee gets shipped to the Chunichi Dragons and spends the first act being baffled by bowing, batting practice, and basic manners.","Take a breath. Think about what decade you're in. Mustache. Hawaiian shirts in the offseason. A leading man who used to solve crimes in Hawaii.","Tom Selleck, a Japanese League uniform, and a title so on-the-nose it barely qualifies as a title."
"Mystery, Alaska",1999,"A film built on the premise that an entire town's emotional well-being can hinge on a pond hockey game, which, if you've ever been to a small town, tracks.","The local sheriff is a quiet, decent man with a great slap shot, played by an Australian who would, three years later, be screaming about being entertained in a Roman arena.","Between you and me, this is embarrassing. A frozen pond, the New York Rangers flying in for an exhibition, and a town whose name is literally in the title.","Russell Crowe on skates. The screenplay is by the guy who created Ally McBeal, if that helps narrow the vibe."
Nacho Libre,2006,"A 2006 comedy from the guy who gave us Napoleon Dynamite, this time relocating his deadpan weirdness to a Mexican monastery and asking what would happen if a monk had a side hustle.","A friar in stretchy pants moonlighting in the wrestling ring to feed orphans, which is either the holiest thing imaginable or grounds for immediate excommunication.","Whatever you're doing isn't working. There's a man in a red cape and blue tights, an eagle, a corn-on-the-cob scene, and a song about being the best baker in the world.","Jack Black, stretchy pants, and a Spanish word for ""free"" that rhymes with a tortilla chip. You've got this."
Necessary Roughness,1991,"An early-90s sports comedy operating on the sacred premise that any group of misfits, given enough training montages, can beat a team that is objectively better at the sport.","The starting quarterback is a 34-year-old farmer being called back to college football, which raises eligibility questions the movie politely declines to answer.","I want to give you the benefit of the doubt here, but — Texas State Fightin' Armadillos. A kicker who happens to be a woman. Kathy Ireland is on the team.","The title is a football penalty. Two words. One of them is an adjective. Go."
Need for Speed,2014,"A 2014 film built on the theory that if a video game made enough money, the movie could simply be named after it and audiences would handle the rest.","A street racer gets framed, goes to prison, gets out, and immediately decides the appropriate response is to drive a Mustang across the country at felony speeds.","We've been at this long enough. The lead just came off a TV show about cooking meth in the desert, and the movie shares its name with a video game franchise.","Aaron Paul, a silver Mustang, and a title that is also the name of every EA racing game you owned in middle school."
Never Back Down,2008,"A 2008 film made during Hollywood's brief, fevered conviction that mixed martial arts was about to replace every other genre, including romance.","New kid at a Florida high school discovers that the local social hierarchy is determined entirely by an underground fight club, which is a much simpler system than most high schools.","You're making this harder than it is. A shirtless teenage MMA tournament. A wise trainer. A bully with abs you could grate cheese on.","The title is three words. It is also approximately the entire plot, the entire moral, and the entire marketing campaign."
No Holds Barred,1989,"A vehicle produced by the WWF itself, which tells you everything about the artistic priorities and approximately nothing about the plot, which doesn't have one.","The hero is a wrestling champion named Rip. The villain is a TV executive. The climactic fight involves a man being thrown through several walls of a warehouse.","Look, I'm not judging you. I am, but I'm not showing it. The lead is blonde, enormous, and rips his own shirt off as a personality trait.","Hulk Hogan, brother. That is the entire hint."
North Dallas Forty,1979,"A 1979 film that pulled back the curtain on professional football and revealed mostly painkillers, amphetamines, and middle-aged men screaming at each other in locker rooms.","Loosely based on a certain Texas franchise from the early seventies, written by a former player who clearly had some feelings he needed to get off his chest before the lawyers arrived.","This one has been on television roughly four hundred times — a wide receiver held together by cortisone, a coaching staff treating players like livestock, and a country song or two.","A geographic direction. A Texas city. A number. String them together and you're done."
North Shore,1987,"A surf movie aimed at teenagers who had never seen the ocean and were going to learn about it via a kid from Arizona.","The hero wins a wave pool contest in landlocked America and immediately flies to Oahu to get humbled by actual surfers, actual waves, and actual locals who do not care.","The audience at home figured this out. Pipeline. A haole kid with a board. A romance with a local girl whose family is not thrilled.","The title is two words. The first is a direction. The second is what the waves break on. You're welcome."
Oxford Blues,1984,"A Brat Pack export sent abroad to discover that rowing is a sport, England is damp, and aristocrats are unimpressed by Vegas charm.","A parking valet steals a credit card, flies across the Atlantic, and talks his way into one of the oldest universities on Earth, which in 1984 apparently had the admissions rigor of a community theater audition.","You've seen this — a cocky American in a boat, a posh blonde who isn't interested, and a training montage scored to synthesizers that have not aged with dignity.","Rob Lowe, a single scull, and the bluest collegiate hue in the English language. Two words, second one rhymes with ""clues."""
Personal Best,1982,"An early-eighties sports drama from the writer of Chinatown, who decided what track and field really needed was long lingering shots of thighs and a sauna conversation.","The film treats Olympic trials as backdrop and the relationship between two pentathletes as the actual event, which was a bolder pitch in 1982 than the marketing department admitted.","Either you haven't seen this, or you have and that's somehow worse — because nobody remembers the races, they remember everything that happened between them.","Mariel Hemingway in track shorts, a coach yelling about hurdles, and the only sports movie of the decade where the training montage is also foreplay."
Ping Pong Summer,2014,"A 2014 indie throwback to the era when a boombox, a fanny pack, and a bad haircut counted as a personality.","The film is set in Ocean City, Maryland, which is the kind of specificity that means the director grew up there and we're all going to hear about it.","At this point I have to ask — does a movie about a white kid who loves hip-hop and table tennis in 1985 actually ring any bells, or are we just nodding politely?","The sport is in the title. The season is in the title. Susan Sarandon shows up as a recluse who teaches paddle technique. That's the whole movie."
Play It to the Bone,1999,"A late-nineties Ron Shelton sports comedy, made when Shelton could still get anything green-lit on the strength of Bull Durham goodwill.","Two best friends drive to Vegas to beat each other unconscious for money, which is also the premise of most bachelor parties.","The fact that you're still guessing tells me something about you — specifically that you skipped the part of 1999 where two A-list actors agreed to box each other for ninety minutes and nobody showed up.","Woody and Antonio in trunks, Lolita Davidovich driving, and a title that's already a sports cliché doing double duty as the answer."
Prefontaine,1997,"A biopic about a runner who died at 24, made by the director of Hoop Dreams, and somehow not the only biopic about this specific runner released in that 18-month window.","The subject was an Oregon kid with a mustache, an ego, and a habit of leading from the front, which is great for racing and terrible for pacing strategy.","I want you to think carefully about what you actually know — there was a real runner, a real Munich Olympics, a real car crash on a Eugene road, and the title is just his nickname.","Pre. That's what they called him. That's the title. Jared Leto in short shorts, running angry."
Race,2016,"A 2016 biopic that leans on a title so on-the-nose it's doing two jobs at once, which is the kind of wordplay studios charge extra for.","The Berlin Olympics, four gold medals, and a Nazi propaganda film crew who didn't get the ending they ordered.","Let me be direct with you. The tagline literally contains the subject's name. The title is one word. You can do this.","Jesse Owens. 1936. The pun is the title."
Rad,1986,"A time capsule for the very specific child who wanted a movie where the climax is a BMX prom dance on bicycles.","The villain organization is called Federation, the racetrack is called Helltrack, and the protagonist's main obstacle is the SAT.","You know this one. Or your older brother does. It played on a loop on cable in 1987 and has been kept alive entirely by men who still own their original bikes.","A three-letter title that also describes the vibe of every haircut in it, directed by the stunt coordinator from Smokey and the Bandit."
Radio,2003,"An early-2000s inspirational true story, the kind that opens with a title card and closes with footage of the real people, because we wouldn't believe it otherwise.","A high school football coach in South Carolina befriends a young man who carries a transistor everywhere, which is also where the nickname and the title come from.","Here's what I know about you right now — you're scrolling through every sports drama of the early 2000s and refusing to consider the one whose title is a household object.","Cuba Gooding Jr. in a knit cap, Ed Harris on a sideline, and a one-word title that's sitting on a desk near you right now."
Real Steel,2011,"An attempt to convince audiences that what boxing was missing, fundamentally, was Rock 'Em Sock 'Em Robots with a deadbeat dad subplot.","The premise is that humans got too squeamish to watch each other fight, so we built giant metal proxies — which is either prophetic or deeply insulting to the UFC.","This is the part where I stop being polite about it. Big robots punch each other. A small boy believes. The title is two words and one of them is a metal.","Hugh Jackman in a warehouse teaching a sparring bot to shadowbox. The title rhymes with itself."
Rebound,2005,"A mid-2000s family comedy built on the premise that a disgraced adult will discover humility by yelling at twelve-year-olds.","The plot is ""angry coach gets demoted to children,"" which is somehow both the entire arc and also every sports movie ever made.","I'm going to need you to search your memory more aggressively — a PG basketball comedy, a junior varsity team of misfits, and a leading man best known for a much louder body of work.","It's a basketball term. It's one word. It's what the coach is professionally and emotionally trying to do."
Remember the Titans,2000,"A sports drama from the Disney machine, which discovered that the most reliable formula for an Oscar-adjacent crowd-pleaser was football plus desegregation plus a soundtrack heavy on early seventies soul.","Set in 1971 Virginia, where a newly integrated high school team is asked to solve American race relations over the course of one summer training camp, on schedule, before the first game.","Consider what you're admitting by not having gotten this yet. A high school football team. Integration. A coach who arrives, runs them until they vomit, and then makes them recite each other's biographies at three in the morning.","""Left side. Strong side."" Denzel won't lose a football game over this, and neither will you."
Rocky Balboa,2006,"A franchise that should have ended in 1976, then 1979, then definitely 1982, returns in the mid-2000s for a sixth round nobody asked for and most people quietly enjoyed.","An aging widower runs a small Italian restaurant, tells the same stories to the same customers, and is then talked into one more fight by a computer simulation on ESPN. This is a real plot.","Take a breath. Think about what decade you're in. The Italian Stallion is now sixty, his wife is gone, and he's stepping back into the ring because a cable network ran a hypothetical match-up.","The training montage still happens. The meat freezer makes a cameo. The sixth chapter of a certain mumbling Philadelphia boxer's saga."
Rocky III,1982,"At this point, this Philadelphia underdog from 1976 had become a marketing campaign, and the film knows it — it opens with magazine covers, action figures, and a statue.","The villain is a mohawked menace who screams ""PAIN"" on command, and the hero's salvation involves running on a beach in very short shorts with his former rival.","Between you and me, this is embarrassing. Clubber Lang. Apollo Creed in coaching mode. A tiger-themed training song that played at every gym in America for a decade.","""Eye of the Tiger"" plays. Mr. T predicts pain. The third round of a certain heavyweight saga."
Rocky V,1990,"The entry in this franchise that most fans pretend doesn't exist, made when the star decided what audiences really wanted was brain damage, bankruptcy, and a street fight.","Our hero loses all his money to a crooked accountant, moves back to the old neighborhood, and takes on a protégé who eventually betrays him, because subtlety was on vacation.","Whatever you're doing isn't working. The boxer is broke, retired, and slugging it out on a sidewalk in Philadelphia with a former student. Yes, on the sidewalk. Yes, this is the fifth one.","Tommy Gunn. A street brawl outside a bar. The fifth — and most disowned — chapter of the Italian Stallion's story."
Rookie of the Year,1993,"A family comedy operating on the premise that a freak medical injury is essentially a superpower, provided it lands you on a Major League roster.","A twelve-year-old boy breaks his arm, the tendons heal too tight, and suddenly he's throwing 103 mph fastballs at Wrigley Field — a medical outcome no orthopedist has ever replicated, thankfully.","I want to give you the benefit of the doubt here, but — we have a kid in a Cubs uniform, a washed-up pitching coach played by a man with the world's most alarming smile, and the phrase ""Funky Buttlovin'.""","Pitcher's got a big butt. Floating the ball up to home plate underhanded. The Cubs winning a pennant, which is the most fantastical element in the entire film."
Rudy,1993,"An underdog story so effective that an entire generation of undersized men have used it to justify decisions their families warned them against.","A short, slow, academically borderline kid from a steel town spends years trying to wear a specific gold helmet for approximately thirty seconds of game time.","We've been at this long enough. Notre Dame. The tunnel. The teammates laying their jerseys on the coach's desk one by one. A score by Jerry Goldsmith engineered to make you weep on an airplane.","He gets carried off the field. It's the only time it had ever happened at Notre Dame. The title is the kid's nickname, four letters."
Rush,2013,"A biopic about Formula 1 in the 1970s, when drivers smoked between races, slept with everyone, and occasionally caught fire — and the film treats all three as roughly equivalent occupational hazards.","The story of two drivers who hated each other in exactly the way only two extremely fast, extremely vain men can — one a precise Austrian, one a blond Englishman who treated his lungs as a renewable resource.","You're making this harder than it is. Niki Lauda. James Hunt. The 1976 season. A crash at the Nürburgring and a comeback six weeks later with a face that hadn't finished healing.","Ron Howard directs. The title is one syllable. It's what the engines do."
Searching for Bobby Fischer,1993,"A drama that took a subject most studios would consider commercial poison — competitive children's chess — and turned it into one of the most quietly devastating films of the decade.","A young prodigy is pulled between a Washington Square hustler who plays for the love of it and a tournament coach who treats every opening like a hostage negotiation.","Look, I'm not judging you. I am, but I'm not showing it. A seven-year-old chess phenomenon, his father writing a book about him, and a title referencing a famously paranoid champion who isn't actually in the movie.","Josh Waitzkin. Speed chess in the park. The title is a present-participle pursuit of a Cold War grandmaster."
Secretariat,2010,"A Disney sports drama from 2010 in which the protagonist is a horse, the antagonist is the 1970s, and the supporting cast is mostly men in fedoras explaining to a woman why she can't do things.","A Virginia housewife inherits a stable, ignores every man telling her to sell, and ends up owning the animal that broke records that still stand.","This one has been on television roughly four hundred times. The 1973 Triple Crown. A chestnut colt winning the Belmont by thirty-one lengths. A finish line so far behind the horse it looked like a different race.","Penny Chenery. Big Red. The title is the horse's name and you already know it."
Semi-Pro,2008,"A comedy set in 1976, back when the ABA still existed, basketball shorts were genuinely short, and a man could own, coach, and play for his own team without anyone filing paperwork.","The plot hinges on the ABA-NBA merger, which is a real historical event that approximately zero people in the target audience came to see. They came for the afro, the jumpsuit, and a wrestling match with a bear.","The audience at home figured this out. Flint, Michigan. The Tropics. A team owner who paid for the franchise with royalties from a one-hit wonder song.","Jackie Moon. ""Everybody love everybody."" The bear's name is Dewey."
Shaolin Soccer,2001,"A Hong Kong action-comedy from that asked the obvious question: what if monks who can shatter bricks with their foreheads tried sports?","One character bends metal cans with her palm while making tofu, which is presented as both a tragedy and a flirtation.","You've seen this — a guy who kicks a ball so hard it catches fire, a goalkeeper doing a Bruce Lee tribute, and a bald cook who's the love interest.","Kung fu plus the world's most popular sport, with CGI from 2001 that has aged like unrefrigerated milk and somehow become more charming for it."
She's the Man,2006,"A high school comedy that adapts Twelfth Night, which Shakespeare would either love or sue over depending on the day.","The plot requires you to believe that a teenage girl with a wig and a deepened voice could pass as her own twin brother, and that nobody at the boarding school would notice for weeks.","Either you haven't seen this, or you have and that's somehow worse — there's a tampon nosebleed scene that lives in the head of everyone who watched cable in 2007.","Before he was taking his shirt off in every movie, Channing Tatum was the soccer-playing roommate. The title is a sentence. A short one."
Slap Shot,1977,"A sports comedy so profane that the studio reportedly had no idea what they were about to release, and the cast had a great time not telling them.","A failing minor-league hockey team discovers that the secret to selling tickets is three bespectacled brothers who treat every game like a bar fight with skates.","At this point I have to ask — does ""putting on the foil"" mean anything to you? Because it should.","Paul Newman in a fur coat, the Hanson Brothers, and a title that describes both a hockey move and the entire tone of the film."
Soul Surfer,2011,"An inspirational drama about a young athlete from Hawaii whose career took an unexpected turn involving a very large fish.","The film handles its faith-based message with all the subtlety of a church bulletin, and pairs it with footage of teenagers riding waves in matching rash guards.","The fact that you're still guessing tells me something about you — a teen girl, a shark attack, a missing arm, and a comeback story set to acoustic guitar.","Bethany Hamilton. Her real arm is not in this movie. Her spirit, however, is in every single frame."
Southpaw,2015,"A 2015 boxing drama in which an actor lost his mind in the gym for six months to convince you he could throw a left hook, and honestly, he convinced us.","A champion fighter loses everything in the first act so the rest of the movie can be him rebuilding it in a dingy gym with a trainer who speaks exclusively in growls.","I want you to think carefully about what you actually know — this is a boxing movie, the protagonist is named Billy Hope, and the title is a boxing term for a left-handed stance.","Eminem did the soundtrack, Forest Whitaker plays the wise trainer, and the title refers to which hand the boxer leads with. One word."
Space Jam: A New Legacy,2021,"A 2021 sequel that no one asked for, arriving twenty-five years after the original because intellectual property must always be fed.","A basketball superstar gets sucked into the Warner Bros. server and has to play a game with cartoon rabbits while every other studio property cameos in the bleachers.","Let me be direct with you — a famous athlete, a son who prefers video games, and an animated bunny in a basketball jersey.","LeBron James and Bugs Bunny on the court together. The franchise word is the same one Michael Jordan used in 1996."
Speed Racer,2008,"A 2008 film from the siblings who made The Matrix, which they followed up by adapting a Japanese cartoon into a candy-colored seizure.","Every frame looks like a bag of Skittles exploded inside a video game, and the protagonist drives a car called the Mach 5.","You know this one — a young driver, a corrupt racing league, a chimp named Chim-Chim, and a mysterious masked rival.","Go ______. The blank is also the first name of the hero. That's the whole title."
Stick It,2006,"A 2006 sports comedy from the writer of a certain cheerleading franchise, applying the exact same formula to a different sport involving spandex and aggressive ponytails.","A judge sentences a teenage delinquent to elite gymnastics, which is the kind of court-ordered rehab that only works in movies and possibly Texas.","Here's what I know about you right now — you've never watched a film where a coach with a gravelly voice teaches a rebellious blonde to respect the uneven bars, and frankly, your weekends sound boring.","The girls revolt at nationals by deliberately scratching their routines to expose corrupt judging. The title is a two-word command, and the second word is a pronoun."
Summer Catch,2001,"A 2001 romance that asked the question nobody asked: what if a Cape Cod baseball league got the full WB treatment, complete with a soft-rock soundtrack and longing glances over a chain-link fence?","A working-class pitcher falls for a rich girl whose father owns approximately everything, a class conflict resolved by the radical solution of him throwing a baseball really well.","This is the part where I stop being polite about it — the leading man was on every teen magazine cover for about four years, the leading lady later did a vampire show, and the sport involves a bat.","Freddie Prinze Jr. on the mound, Jessica Biel on the beach. The season is in the title. The verb is what you do with a baseball."
Sunset Park,1996,"A 1996 inner-city basketball drama starring a sitcom legend in the unlikely role of a high school coach.","A white gym teacher who has never coached basketball takes over a Black high school team in Brooklyn so she can save up for a vacation, and yes, the movie thinks this is fine.","I'm going to need you to search your memory more aggressively — a Brooklyn neighborhood, a coach from Cheers, and a teen drama with a hip-hop soundtrack from 1996.","The neighborhood is in Brooklyn. The first word is a time of day when the sun goes down. The second word is where you'd find swings and a slide."
Talent for the Game,1991,"A 1991 baseball drama released the same year as a much louder one about a kid signing with the Indians, and promptly buried by it.","A scout on the verge of being fired stumbles onto a farm kid with an arm from God, which is the kind of thing that only happens in scripts written by people who've never met an actual scouting department.","Consider what you're admitting by not having gotten this yet. The word is right there in the title — what every scout is hunting for.","Edward James Olmos in a baseball cap, driving rural America looking for the next phenom. The title is two nouns and a preposition."
Talladega Nights: The Ballad of Ricky Bobby,2006,"A mid-2000s comedy that correctly identified NASCAR, Applebee's, and aggressive patriotism as the holy trinity of a very specific American moment.","The protagonist's life philosophy was instilled by an absentee father who burst into a classroom to declare ""If you ain't first, you're last,"" which is both terrible parenting and a surprisingly effective mission statement.","Take a breath. Think about what decade you're in. A racecar driver, a French Formula One villain who reads Camus, and a invisible fire that only the hero can feel.","Shake and bake. Baby Jesus at the dinner table. A cougar in the backseat. You have everything you need."
The Air Up There,1994,"A Disney-adjacent sports comedy built on the premise that a college basketball coach would fly to Kenya, find a seven-foot prodigy, and that this would be charming rather than deeply uncomfortable.","The recruitment pitch involves convincing a tribal chief's son that a basketball scholarship is a better destiny than, you know, leading his people.","Between you and me, this is embarrassing. The title is three words. Two of them describe altitude. One of them is a preposition.","Kevin Bacon in safari gear teaching a Maasai warrior the pick-and-roll. That's the whole movie."
The Babe,1992,"A 1992 biopic about an American sports legend whose appetites were, depending on the source, either heroic or actionable.","The lead actor was best known at the time for playing a sitcom dad in Plainview, and he gamely swings for the fences as a hard-drinking home run king with a soft spot for sick kids.","Whatever you're doing isn't working. A Baltimore orphanage, a called shot at Wrigley Field, and a Yankees pinstripe uniform stretched to its absolute limit.","His nickname is in the title. His nickname is also one of the most famous nicknames in American sports. Connect the dots."
The Bad News Bears,2005,"A 2005 remake that nobody really asked for, about a Little League team coached by a man who should not be allowed near children.","The coach is a former exterminator who drinks on the mound and the kids are a collection of misfits who swear like longshoremen, which apparently used to count as family entertainment.","I want to give you the benefit of the doubt here, but — it's a youth baseball team, a drunk coach, and a climactic game against the Yankees. The title is three words and tells you exactly how the team is doing.","The team name is an animal. The adjective in front of it is the opposite of ""Good."" The middle word is what you deliver when something terrible happens."
The Bad News Bears Go to Japan,1978,"A third entry in a franchise that had already exhausted its premise by the second film, which is the kind of decision studios used to make with confidence.","A scheming promoter drags a Little League team across the Pacific for an international exhibition game, which is somehow the plot of an actual theatrical release.","We've been at this long enough. The first four words of the title are a baseball movie you already know. The last two words are a country.","Tony Curtis hustling kids through Tokyo. The title literally tells you the team and the destination."
The Benchwarmers,2006,"A mid-2000s Happy Madison production from the era when Adam Sandler's friends were each handed a movie regardless of whether anyone asked.","Three grown men form a baseball team to take on actual children, which sounds like a crime but is presented as inspiring.","You're making this harder than it is. The title is what you call players who don't get to play. One word. Plural.","Rob Schneider, David Spade, and Napoleon Dynamite getting revenge on bullies via Little League. The title is where unused players sit."
The Best of Times,1986,"A 1986 comedy about middle-aged men trying to relitigate a high school football game, which is either a movie or a description of every class reunion.","A small-town banker convinces his old quarterback to restage the game he lost in 1972, because nothing says ""moving on"" like reassembling the entire opposing team.","Look, I'm not judging you. I am, but I'm not showing it. The title is a Dickens opening line, minus the famous second half.","Robin Williams and Kurt Russell in shoulder pads, trying to drop a pass that was caught in their nightmares for thirteen years."
The Big Green,1995,"A mid-90s Disney sports comedy from the brief window when the studio believed every children's sport could support its own Mighty Ducks.,A British teacher arrives in a Texas town and decides what these depressed American children really need is soccer","which is the most British solution imaginable.,This one has been on television roughly four hundred times. The title is two words. The first is a size. The second is a color associated with grass.,Steve Guttenberg as a small-town sheriff coaching youth soccer. The title describes the team and also","coincidentally","the field."
The Big Lebowski,1998,"A neo-noir from two brothers who decided Raymond Chandler would be funnier if the detective was a bowler in a bathrobe drinking White Russians.","The plot involves a rug that really tied the room together, a ransom drop gone wrong, a severed toe, and a ferret in a bathtub that is not actually a ferret.","The audience at home figured this out. Bowling alley. Nihilists. A Vietnam vet with anger issues quoting the rules of Shabbos. The Dude abides.","His name rhymes with ""Crowbowski."" He prefers to be called The Dude. Or His Dudeness. Or Duder. Or El Duderino, if you're not into the whole brevity thing."
The Bingo Long Traveling All-Stars & Motor Kings,1976,"A mid-seventies film that tried to make a comedy out of the Negro Leagues, which is a tonal tightrope that maybe two studios in history would have greenlit.","A barnstorming squad of Black ballplayers in the 1930s who realize that if the league won't pay them what they're worth, they'll take the show on the road and out-hustle, out-hit, and out-clown everyone they meet.","You've seen this. A roster of comedy legends in flannel uniforms, a pitcher with a name that sounds like a county fair game, and a barnstorming bus rolling through small-town America.","Billy Dee Williams as the pitcher. James Earl Jones cracking homers. Richard Pryor pretending to be Cuban to break into the majors. You've got the whole roster now."
The Black Stallion,1979,"A 1979 family film produced by Francis Ford Coppola, which is not a sentence you expect to type, and yet here we are.","The first act is almost entirely silent — a boy, a horse, an island, and a cinematographer clearly hoping for an Oscar nomination.","Either you haven't seen this, or you have and that's somehow worse. A shipwreck, a deserted beach, and an old trainer who teaches the kid to race.","A boy. An Arabian. A beach gallop scored like a religious experience. The title is two words, one of them a color, the other a male horse."
The Black Stallion Returns,1983,"A 1983 sequel that asked the question, ""What if we took the quiet, lyrical original and added kidnappers, the Sahara, and a confusing amount of geopolitics?""","The boy from the first film travels to North Africa to retrieve his horse from desert tribesmen, which is a lot of plot for an animal that mostly needs to be brushed.","At this point I have to ask — did you guess the first one and then assume there couldn't possibly be a sequel? Because there is, and the title tells you exactly what happens.","Same boy. Same horse. The horse comes back. The title is the previous answer plus one word."
The Boys in the Boat,2023,"A film about Depression-era rowing released in 2023, because apparently the algorithm decided what audiences were missing was nine guys pulling oars in unison.","The Berlin Olympics, a working-class crew from the Pacific Northwest, and Hitler in the stands looking displeased. You can probably guess how that ends.","The fact that you're still guessing tells me something about you. Picture a long narrow vessel, eight rowers, one coxswain shouting, and a coach played with maximum gravel.","The title is exactly what's in the water. The young men are in the thing. The thing floats. Connect the dots."
The Champ,1979,"A 1979 remake of a 1931 weeper, designed from the ground up to make grown men cry in public and then deny it on the car ride home.","A washed-up boxer with a drinking problem and a small son climbs back into the ring for one more fight, and if you've ever seen a movie before, you know how that ends.","I want you to think carefully about what you actually know. There is a boxer. He is referred to by a single word. That word is also the title.","Jon Voight in the ring, Ricky Schroder sobbing the words ""Wake up"" — the title is what the kid keeps calling him."
The Color of Money,1986,"A sequel arriving twenty-five years after the original, because apparently pool halls needed another visit and one actor needed his Oscar.","An aging hustler takes a cocky young player under his wing, teaches him to lose on purpose, and then regrets every single decision that followed.","Let me be direct with you. Pool cues, smoky bars, a kid with a pompadour spinning his stick like a drum major, and a mentor who finally got the statue the Academy owed him.","Paul Newman. Tom Cruise. A pool cue case. The title is a hue and a currency, in that order."
The Cutting Edge,1992,"A 1992 romance built on the premise that the only thing more dangerous than a triple axel is two attractive people who hate each other on a small sheet of ice.","A washed-up hockey player and a figure skater with the personality of a hairdryer are forced to pair up, which in movie-language means they will be making out by the third act.","You know this one — enemies-to-lovers, blades on ice, an Olympic dream, and a coach who looks like he's aged sixty years from frustration alone.","""Toe pick."" That's it. That's the line everyone remembers. Off you go."
The Cutting Edge: Going for the Gold,2006,"A 2006 direct-to-television sequel made fourteen years after the original, for the demographic of people who said, ""I liked that one movie, but what if it were on ABC Family?""","A new generation of mismatched skaters bicker their way to Olympic qualification, proving that the formula works regardless of whether anyone involved is famous.","Here's what I know about you right now — you're guessing this is some prestige drama. It is not. It is the second one of these, with a colon and a subtitle.","Same plot as the previous answer. Add a colon. Add ""Going for the Gold."" You're done."
The Express,2008,"A 2008 biopic about the first Black Heisman winner, made in that specific late-2000s mode where every inspirational sports story had to have a slow piano cover of a hymn.","Ernie Davis ran so hard at Syracuse that opposing fans threw bottles at him, and the movie does not flinch from showing exactly which decade this took place in.","This is the part where I stop being polite about it. His nickname was the title. He ran fast. It's a kind of train. Connect the dots.","Dennis Quaid coaches, Rob Brown carries the ball, and the nickname comes from a train that doesn't stop."
The Fan,1996,"A mid-nineties thriller about baseball obsession, made back when stalking a celebrity required actual effort instead of just a phone.","A knife salesman with a failing marriage decides his favorite center fielder owes him a personal relationship, which is the kind of logic that ends with someone in a swimming pool.","I'm going to need you to search your memory more aggressively. A $40 million contract, a slumping slugger, and a superfan whose devotion curdles into something with a blade.","Robert De Niro in a Giants cap, a rain-soaked final at-bat, and a title so simple it's basically a job description."
The Game Plan,2007,"A 2007 family comedy in which a wrestler-turned-actor discovers that the hardest opponent he'll ever face is a small child with a tutu and unwavering eye contact.","The plot hinges on a quarterback discovering he has a daughter, which sets up the cinematic experience of watching a 6'5"" man learn ballet positions from a coach who barely clears his belt.","Consider what you're admitting by not having gotten this yet. A Disney movie. A football star. A surprise daughter. A bedazzled bulldog.","The Rock. Tutus. A team called the Rebels. The title is two words and one of them is what a coach draws on a clipboard."
The Hurricane,1999,"A late-90s biopic about a middleweight boxer whose biggest fight took place entirely outside the ring, in a system that wasn't interested in being fair.","Bob Dylan wrote a protest song about this man in 1975 and it still wasn't enough — it took a Brooklyn teenager and some Canadians to actually get him out.","Take a breath. Think about what decade you're in. A boxer named Rubin. A wrongful conviction. A storm of a nickname that became the title.","Denzel got nominated for this one. The title is the boxer's ring name, and it's also what hits Florida every September."
The Hustler,1961,"A black-and-white film from the early sixties that made smoky pool halls look like cathedrals and treated nine-ball like a moral test.","The antagonist is a heavyset gentleman who chalks his cue like he's performing surgery and barely says a word for the entire marathon match. He was better known for a variety show with a lot of ""Honeymooners.""","Between you and me, this is embarrassing. A pool cue, a flask, a green felt table, and a guy named Fast Eddie who can't get out of his own way.","Minnesota Fats. A broken thumb. A woman who deserved better. The title is what Fast Eddie is, and what you're starting to feel like."
The Iron Claw,2023,"A 2023 film about a wrestling dynasty so cursed it makes the Kennedys look like a low-drama family reunion.","A Texas family, a domineering father with a ranking system for his own sons, and a finishing move that gives the movie its name.","Whatever you're doing isn't working. The Von Erich brothers. Professional wrestling in the 80s. A title that's also a signature hold.","Zac Efron got enormous for this. The title is two words — the first is a metal, the second is what a crab has."
The Karate Kid,2010,"A 2010 remake that relocated a very California story to Beijing and quietly replaced one martial art with a completely different one, while keeping the title anyway.","A kid from Detroit gets dropped into a country where he doesn't speak the language, gets beat up by twelve-year-olds with better technique than most adults, and learns discipline from the building's maintenance guy.","I want to give you the benefit of the doubt here, but — the kid hangs his jacket up. Then he picks it up. Then he hangs it up again. For days. That's the whole training montage.","Jacket on, jacket off. The title is technically a lie about which martial art is being taught, but nobody cared."
The Karate Kid Part III,1989,"A 1989 sequel in which the villain returns with a rich friend who has decided that destroying a teenager is a reasonable use of his fortune.","A bonsai tree subplot, a cliffside training montage, and a tournament finale that is essentially the first film again with worse lighting.","We've been at this long enough. Daniel. Miyagi. Cobra Kai is back. The title has a number in it.","Crane kick optional this time. The franchise name plus the Roman numeral for three."
The Legend of Bagger Vance,2000,"A turn-of-the-millennium fable in which a famous director who once made movies about gangsters and Vietnam decided what America really needed was a mystical Southern golf parable.","A shell-shocked World War I veteran has lost his swing, which in this movie is both a literal golf problem and a metaphor so insistent it practically wears a name tag.","You're making this harder than it is — a Depression-era Georgia golf tournament, a haunted war hero, and a caddy who may or may not be an angel.","The caddy's name is the second half of the title. The golfer's name is Rannulph Junuh. One of those words rhymes with ""swagger"" and I am out of ideas."
The Longest Yard,1974,"A 1970s prison movie that figured out you could make the warden the real villain if you just gave the inmates a football and a grudge.","A washed-up quarterback gets thrown in prison, then gets asked to throw a game, and has to decide which kind of throwing he's worse at morally.","Look, I'm not judging you. I am, but I'm not showing it. A mustachioed ex-pro QB, a sadistic warden, and a football game between convicts and guards that gets increasingly violent and increasingly satisfying.","Cons versus guards. A stolen Maserati to start it, a touchdown to end it, and a title that's a football measurement stretched into a sentence."
The Love Bug,1968,"A late-60s Disney film about a sentient Volkswagen, which was somehow not the strangest thing the studio released that decade.","The car has a mind of its own, a number painted on the hood, and more personality than most of the humans it shares scenes with.","This one has been on television roughly four hundred times. A racing Beetle named Herbie. The number 53. A title that sounds like a Beatles B-side.","Herbie. White VW. Red and blue stripes. The title is two words — the first is an emotion, the second is what the car technically is."
The Mighty Ducks,1992,"A Disney film so commercially successful it convinced the company to start an actual NHL franchise, which is how corporate decisions used to work.","A disgraced lawyer is sentenced to community service coaching a team of children who cannot skate, and somehow this becomes a trilogy and a television empire.","The audience at home figured this out. Pee-wee hockey. The Flying V. A quack-quack-quack chant that has lived rent-free in someone's head since 1992.","Emilio Estevez in a tracksuit, plus the name of the bird the team is named after, plus an adjective meaning powerful."
The Natural,1984,"A film that treats baseball like Arthurian legend, complete with a bat carved from a tree struck by lightning, because subtlety was not on the menu.","A middle-aged rookie shows up out of nowhere with a homemade bat called Wonderboy, and somehow this is the least mythological thing about him.","You've seen this. The final home run hits the stadium lights and sparks rain down like the Fourth of July, and a John Williams score swells until your grandfather starts crying in the next room.","Roy Hobbs. A silver bullet. A woman in white in the stands. The title is what he was, and what the marketing department wanted you to think about him."
The Next Karate Kid,1994,"An attempt to keep a franchise alive by swapping out the teenage boy for a teenage girl and hoping nobody noticed the diminishing returns.","The wise old sensei takes on a new pupil, and somewhere in here there's a prom, a monastery full of Buddhist monks, and a future two-time Oscar winner in her film debut.","Either you haven't seen this, or you have and that's somehow worse. The fourth installment of a franchise where the original kid has been quietly retired and nobody talks about it.","Hilary Swank, before the Oscars, kicking a bully in a tuxedo. Mr. Miyagi is still here. The title tells you exactly what number sequel this is without using a number."
The Perfect Game,2009,"A 2009 inspirational sports movie based on a true story, which is the genre equivalent of comfort food served at room temperature.","A group of boys from Monterrey crosses the border and proceeds to embarrass every Little League team the United States can throw at them in 1957.","At this point I have to ask — have you ever watched a movie where a priest, a coach, and a bunch of underdog kids win a championship and you didn't see the ending coming from the opening credits?","Little League. World Series. The title is the thing every pitcher dreams of throwing, and one of these kids actually does."
The Pride of the Yankees,1942,"A 1942 biopic released barely a year after its subject's death, made while a grieving nation needed a saint in pinstripes more than it needed a complicated man.","The studio cast the tallest, most all-American leading man they could find to play a first baseman, then had to teach him to swing left-handed by flipping the film in post. Movie magic, 1942 edition.","The fact that you're still guessing tells me something about you. Specifically, that you have never sat through a rain delay listening to a broadcaster quote the ""luckiest man on the face of the earth"" speech.","Number 4. Yankee Stadium. ALS. A farewell address at home plate that ends with ""luckiest man"" — and the title is what the team had plenty of."
The Program,1993,"A college football drama that had to edit out a scene where players lay down in the middle of a road, because audiences apparently took it as a suggestion.","The coach is played with leathery menace, the star quarterback drinks his breakfast, and somewhere in this mess is a romance subplot involving tutoring.","I want you to think carefully about what you actually know. Major university football, steroids, alcoholism, academic fraud, and the word in the title is the bland bureaucratic euphemism every athletic department uses for all of it.","ESU Timberwolves. Halle Berry as the tutor. The title is one word, and it's what every coach calls his football team when he's pretending it's about education."
The Replacements,2000,"A 2000 sports comedy built entirely around a real labor dispute from 1987, repackaged as a feel-good underdog story where the union guys are the villains.","A washed-up quarterback, a sumo lineman, a deaf tight end, and a SWAT team cop walk onto a football field, and the cheerleaders are recruited from a strip club. This is the actual plot.","Let me be direct with you. The team dances to ""I Will Survive"" in a jail cell. That is a scene in this movie. That should be enough.","Keanu Reeves throwing touchdowns for the Washington Sentinels, coached by Gene Hackman. The title is what they are — the guys who fill in when the real players walk out."
The Rookie,2002,"A 2002 Disney film based on a true story, which means the actual events were probably 30% as dramatic and 80% as Texan.","A high school chemistry teacher and baseball coach makes a bet with his losing team and ends up throwing 98 mile per hour fastballs in a Major League tryout in his late thirties.","You know this one. The wife is skeptical, the kids are adorable, the dad is supportive in that gruff way only movie dads from small Texas towns can be, and somebody throws a baseball at a radar gun next to a highway.","Jim Morris. Tampa Bay Devil Rays. The title is one word and it's a baseball term for the guy everyone in the dugout calls ""kid"" — except this one is 35."
The Sandlot,1993,"A 1993 film that has somehow become the entire personality of every man who played Little League and now owns a smoker.","A summer, a junkyard dog mythologized into a beast, and a baseball signed by Babe Ruth hit over a fence by a kid who didn't know what he was holding.","Here's what I know about you right now — you've heard the phrase ""You're killing me, Smalls"" approximately four hundred times in your life and you still can't name the movie it's from.","Squints kissing Wendy Peffercorn at the public pool. The Beast. ""For-ev-er."" The title is the dirt lot they play on."
The Scout,1994,"A 1994 baseball comedy that turns into a psychological drama in the third act, which is a tonal pivot that nobody asked for.","A talent hunter banished to rural Mexico discovers a pitcher who throws 100 miles per hour and hits home runs every at-bat, and the Yankees offer $55 million before anyone checks if he's, you know, okay.","This is the part where I stop being polite about it. The title is the protagonist's job. The job has one word. That word is in the title. There is nothing else in the title.","Albert Brooks as the title character, Brendan Fraser as the unstable phenom, and a climactic World Series game one start. You've been told everything."
The Slugger's Wife,1985,"A 1985 Neil Simon screenplay that nobody really remembers, which is impressive given how much of the 80s Neil Simon was responsible for.","An Atlanta Braves outfielder falls for a singer, marries her, and his batting average becomes psychologically dependent on whether she's in the stands, which is not a healthy dynamic for anyone involved.","I'm going to need you to search your memory more aggressively. The title is a possessive — it tells you who the main character is married to and what he does for a living. Both pieces of information are right there.","Baseball plus marriage plus the 1980s plus a soundtrack full of pop songs. The title names her by her relationship to him, which tells you everything about how the movie sees her."
The Smashing Machine,2025,"A 2025 prestige drama in which the world's most bankable bald action star decided he wanted an Oscar conversation, and submitted himself to a prosthetics team that obliged.","The real-life subject was an early MMA legend back when the sport was still essentially a bar fight with a referee, and the film treats his opioid problem with more tenderness than his opponents ever did.","Consider what you're admitting by not having gotten this yet. The title is two words. One of them is a verb you do to a guitar at the end of a concert.","Emily Blunt plays the girlfriend, the Rock plays the fighter, and a24 plays the studio hoping you'd take it more seriously than you did."
The Way Back,2020,"A 2020 drama released directly into a pandemic, which is fitting because it's about a man drinking alone in a kitchen for ninety minutes before remembering he used to be good at something.","The lead actor was, at the time, very publicly in recovery himself, which gave the performance a quality that no amount of preparation could fake — including the giant Dunkin' cup he's been photographed with on every sidewalk in Los Angeles.","Take a breath. Think about what decade you're in. Now think about a Catholic high school, a basketball team, and a coach who is clearly not okay.","Batman, hungover, holding a clipboard. The title is two words and points in the direction the coach is trying to go."
The World's Fastest Indian,2005,"A 2005 biopic about a charming old man from New Zealand who builds something in his shed for forty years, which is either inspiring or a cry for help, depending on your marriage.","The motorcycle in question is not from the country you're thinking of — it's a brand name, and the bike is older than most of the people watching this movie.","Between you and me, this is embarrassing. The film takes place largely on the Bonneville Salt Flats, and the protagonist is going for a land speed record.","Anthony Hopkins, a 1920 motorcycle, and a title that sounds like a geography mistake but isn't."
The Wrestler,2008,"A 2008 comeback vehicle for an actor whose face had been through more reconstruction than the script, which is partly why the casting worked.","Bruce Springsteen wrote the title song for free because he'd read the screenplay and understood that this was a film about a man who can only be loved by strangers.","Whatever you're doing isn't working. The title is the protagonist's profession. He performs it in spandex.","Mickey Rourke, a deli counter, a staple gun, and a daughter who has had enough. The title describes the job."
Thrashin',1986,"A 1986 artifact from when Hollywood discovered skateboarding and decided the correct response was to make West Side Story on wheels.","The lead would go on to be a respected character actor with an Oscar nomination, which makes rewatching his teenage skate-rival performance here feel like finding your dentist's high school yearbook.","I want to give you the benefit of the doubt here, but — the title is the apostrophe-G-dropped version of a verb that means ""shredding.""","Josh Brolin, Venice Beach, the Daggers, and a downhill race called the L.A. Massacre. The title rhymes with ""crashin'."""
Tin Cup,1996,"A 1996 sports romance from the writer-director who'd already cornered the market on ""athletes who talk too much and sleep with the wrong women.""","The climax involves the hero refusing, repeatedly, to lay up on a par five — which is either the most romantic gesture in golf history or grounds for divorce, depending on whether you've ever played the sport.","We've been at this long enough. It's a golf movie. The title is the hero's nickname and it's made of metal.","Kevin Costner at a driving range, Rene Russo as the therapist, and a 12 on the final hole. The title is two words and one of them holds liquid."
Trouble with the Curve,2012,"A 2012 baseball drama released the same year a certain actor delivered a monologue to an empty chair, which somewhat overshadowed his acting output.","The plot hinges on the idea that algorithms are bad and weathered old men squinting at teenagers are good, which is a thesis the film commits to with admirable stubbornness.","You're making this harder than it is. It's a baseball term, it's also a metaphor for life, and the title is right there in the tagline if you tilt your head.","Clint Eastwood, Amy Adams, and a kid who can't hit a breaking ball. The title is what the kid has."
Turbo,2013,"A 2013 DreamWorks effort built on the premise that what kids really wanted was a snail that goes fast, which is the kind of pitch that only survives a meeting because someone laughed at the wrong moment.","The hero is a garden mollusk who dreams of the Indianapolis 500, which is biologically and logistically insane, but here we are.","Look, I'm not judging you. I am, but I'm not showing it. The tagline is a riff on a very famous car franchise, and the title is a thing that makes cars go faster.","A snail. The Indy 500. Ryan Reynolds voicing the snail. The title is what you press in a video game to go very fast."
Uncle Drew,2018,"A 2018 feature film expanded from a series of Pepsi commercials, which tells you everything about the state of American cinema in the late 2010s.","The premise required NBA stars to spend hours in old-age prosthetics so they could pretend to be bad at basketball before revealing they were, in fact, NBA stars.","This one has been on television roughly four hundred times. The title character is an old man at a park who is secretly excellent at basketball.","Kyrie Irving in gray makeup, Shaq in gray makeup, and Lil Rel Howery wondering what he signed up for. The title is the character's name."
Varsity Blues,1999,"A late-90s film that understood something true about Texas — that high school football isn't a sport there, it's a municipal religion with its own clergy and human sacrifices.","The coach is played as a small-town tyrant in a windbreaker, the kind of man who believes a torn ligament is a character flaw and painkillers are a coaching strategy.","The audience at home figured this out — a whipped cream bikini, a second-string quarterback reading Slaughterhouse-Five on the sidelines, and a town that has confused teenagers with gladiators.","""I don't want your life."" The quarterback wore number 4, the jacket on the poster has a letter on it, and the second word rhymes with ""clues."""
Vision Quest,1985,"A 1985 sports drama that exists in the specific corner of the decade where every teenage boy was apparently one Madonna cameo away from enlightenment.","The protagonist is cutting weight to wrestle a guy two classes above him, while a drifter who moved into his house stares at him like she's evaluating produce.","You've seen this. Spokane, Washington. A high school wrestler tapes his ribs, runs the streets at dawn, and gets a nosebleed at exactly the dramatic moment.","Louden Swain. Matthew Modine. A Journey song you didn't know was from anything, and a singular life-changing match against a guy named Shute."
Warrior,2011,"A 2011 film that asked the question — what if we made the most emotionally devastating movie of the year, and then set it inside a cage?","Two estranged brothers, one a Marine, one a physics teacher, both somehow end up in the same mixed martial arts tournament, because screenwriters love a bracket.","Either you haven't seen this, or you have and that's somehow worse, because the ending broke people who walked in expecting a fight movie.","Nick Nolte, gravel-voiced and wrecked, listening to Moby Dick on tape while his sons try to choke each other unconscious for a championship belt."
We Are Marshall,2006,"A 2006 film about the kind of true story Hollywood treats like a sacred object — small town, big tragedy, football as resurrection.","A plane goes down in 1970 and takes nearly an entire college football program with it. The movie that follows is essentially a town learning how to breathe again.","At this point I have to ask — does a Texas drawl coaching a West Virginia team through grief ring any bells?","Matthew McConaughey doing a voice that is somehow not his own, a thundering chant from the title, and a green and white uniform."
Whip It,2009,"A 2009 directorial debut from an actress best known for playing a quirky cheerleader who could bend reality with her pinky.","A Texas teenager trades a beauty pageant sash for fishnets and elbow pads, which is the kind of character arc that only makes sense on eight wheels.","The fact that you're still guessing tells me something about you. There's a roller derby track, a fake ID, and a team full of women with names like Smashley Simpson and Babe Ruthless.","Elliot Page on skates, Kristen Wiig in war paint, and a title that's also the name of a Devo song."
White Men Can't Jump,1992,"A 1992 film built entirely around the premise that trash talk is its own American art form, and Venice Beach is the gallery.","Two hustlers running the same scam on each other agree to team up, which works for roughly the duration of one good streak before everything falls apart over Jeopardy.","I want you to think carefully about what you actually know — pickup basketball, a Jheri curl, and a girlfriend obsessed with becoming a game show contestant.","Billy Hoyle. Sidney Deane. The title tells you exactly what one of them cannot do, until of course, he does."
Wildcats,1986,"A mid-80s sports comedy that asked the searing question: what if a woman coached inner-city high school football, and also what if Wesley Snipes and Woody Harrelson were on the team before anyone knew who they were.","The protagonist is a track coach who takes a football job nobody wants, at a school nobody wants, with players who don't want her. The 80s loved this premise.","Let me be direct with you. The lead actress was already an Oscar winner by this point, blonde, famously giggly, and had a daughter named Kate who would later have her own career.","Think Private Benjamin, but with a clipboard and a whistle instead of fatigues."
Wimbledon,2004,"A 2004 romantic comedy that asked what would happen if you crossed a sports underdog story with a Working Title film, and the answer was ""polite applause.""","A washed-up British tennis player on his farewell tour accidentally falls for the American phenom in the women's draw, and his serve mysteriously improves.","You know this one. Strawberries and cream, an inner monologue during every rally, and the most famous grass court in the world being treated as a meet-cute location.","Paul Bettany and Kirsten Dunst. The title is the tournament. The tournament is the title. Move along."
Wind,1992,"A 1992 film for the seventeen people in America who consider yacht racing a spectator sport, and the rest of us who learned what a spinnaker was for two hours.","An American crew loses the America's Cup to the Australians, which apparently is the kind of national wound that requires an experimental boat and a redemption arc.","Here's what I know about you right now — you have not thought about competitive sailing once today, and this movie isn't going to change that.","Matthew Modine again, Jennifer Grey post-nose, and a title that is exactly what fills a sail."
Without Limits,1998,"A 1998 biopic about a runner who became a legend partly through talent and largely through dying young in a sports car on an Oregon road.","The second film in two years about the same Oregon track star, which says something about late-90s Hollywood's commitment to short distance running.","This is the part where I stop being polite about it — the subject's nickname is in the tagline, in capital letters, three letters long.","Steve Prefontaine. Bill Bowerman inventing the waffle sole on his wife's iron. A mustache that defined a generation of distance running."
Young Black Stallion,2003,"A 2003 family film that exists primarily as a prequel nobody asked for to a 1979 classic everybody loved.","A girl gets lost in the North African desert and befriends a wild horse, which is the kind of survival strategy that only works in movies rated G.","I'm going to need you to search your memory more aggressively, because this was released in IMAX and still nobody remembers it.","The title gives you the color of the horse and the age of the horse. The third word is the animal. We are done here."
Youngblood,1986,"A mid-80s sports drama that asked the important question: what if we took the hairspray budget of a Bon Jovi video and applied it to minor league hockey?","A hotshot American farm kid heads north to play in a Canadian league where the unwritten rule is that puck skills are nice but you'd better be willing to bleed on the ice for them.","Consider what you're admitting by not having gotten this yet — a pretty-boy phenom, a mustachioed enforcer mentor who later did the lift in a different movie entirely, and a coach's daughter who exists primarily to be kissed between periods.","Rob Lowe on skates, Patrick Swayze as the veteran taking him under his wing, and a title that's one word, two halves, and describes exactly what the protagonist is."
